insert into muscle VALUES
("Peitoral"),
("Dorsais"),
("Deltóides"),
("Trapézio"),
("Bíceps"),
("Tríceps"),
("Antebraço"),
("Coxas"),
("Glúteos"),
("Panturrilhas"),
("Abdômen");
INSERT INTO Stretching (muscle, video, annotation) VALUES
("Abdômen", "https://youtu.be/-4kn_0w47KA", NULL),
("Coxas", "https://youtu.be/lmdPqK7QmIE", "Adutor de coxa"),
("Antebraço", "https://youtu.be/Dr-9K8qYzAU", NULL),
("Bíceps", "https://youtu.be/CIJGj_PqmXo", NULL),
("Dorsais", "https://youtu.be/PiKByqgZJ1I", NULL),
("Glúteos", "https://youtu.be/aT77gh4eoZo", NULL),
("Deltóides", "https://youtu.be/XNsaSkLoYKY", NULL),
("Panturrilhas", "https://youtu.be/QWxpUV-7Sx8", NULL),
("Peitoral", "https://youtu.be/oe7C99EHJYM", NULL),
("Coxas", "https://youtu.be/KUt5agoqlRA", "Posterior de coxas"),
("Coxas", "https://youtu.be/xugYzuSgsrs", "Quadríceps"),
("Trapézio", "https://youtu.be/wrNfkcmrxMs", NULL),
("Tríceps", "https://youtu.be/hJGKq0-CDbU", NULL);
INSERT INTO Exercise (muscle, name, video) VALUES
("Abdômen", "Supra", "https://youtu.be/7YxVRiATugo"),
("Abdômen", "Infra", "https://youtu.be/ixJcUH8AlL8"),
("Abdômen", "Oblíquos", "https://youtu.be/Smr8ipkN5A0"),
("Abdômen", "Prancha", "https://youtu.be/qNRqGqESAWU"),
("Abdômen", "Extensão Lombar", "https://youtu.be/z0rx9swRDR0"),
("Abdômen", "Vácuo de Estômago", "https://youtu.be/qvdiga5sQvQ"),
("Abdômen", "Extensão de Pescoço", "https://youtu.be/FTkrC44gNIU"),
("Abdômen", "Flexão de Pescoço", "https://youtu.be/FTkrC44gNIU");
INSERT INTO Exercise (muscle, name, video) VALUES
("Antebraço", "Flexão de Punho Barra Sentado", "https://youtu.be/3PDPiCoWF-Y"),
("Antebraço", "Flexão de Punho Barra Em Pé", "https://youtu.be/3PDPiCoWF-Y"),
("Antebraço", "Flexão de Punho Cross", "https://youtu.be/3PDPiCoWF-Y"),
("Antebraço", "Extensão de Punho Barra Sentado", "https://youtu.be/Kx8rg0MJX_c"),
("Antebraço", "Extensão de Punho Barra Em Pé", "https://youtu.be/Kx8rg0MJX_c"),
("Antebraço", "Extensão de Punho Cross", "https://youtu.be/Kx8rg0MJX_c"),
("Antebraço", "Rotacional de Punho", "https://youtu.be/Kx8rg0MJX_c"),
("Antebraço", "Rosca Inversa Barra", "https://youtu.be/jbSr9CzJPmA"),
("Antebraço", "Rosca Inversa Cross", "https://youtu.be/jbSr9CzJPmA"),
("Antebraço", "Rosca Inversa Unilateral", "https://youtu.be/jbSr9CzJPmA"),
("Antebraço", "Hand Grip", "https://youtu.be/XVlGHmeISEQ");
INSERT INTO Exercise (muscle, name, video) VALUES
("Bíceps", "Rosca Direta Barra Reta ou Barra W", "https://youtu.be/Q8TqfD8E7BU"),
("Bíceps", "Rosca Direta Halteres", "https://youtu.be/Q8TqfD8E7BU"),
("Bíceps", "Rosca Direta Cross", "https://youtu.be/Q8TqfD8E7BU"),
("Bíceps", "Rosca Direta Máquina", "https://youtu.be/Q8TqfD8E7BU"),
("Bíceps", "Rosca Martelo Barra H", "https://youtu.be/0qkQy8V2FC0"),
("Bíceps", "Rosca Martelo Halteres", "https://youtu.be/0qkQy8V2FC0"),
("Bíceps", "Rosca Martelo Corda Cross", "https://youtu.be/0qkQy8V2FC0"),
("Bíceps", "Rosca Alternada Halteres", "https://youtu.be/S1HAcTVQVYE"),
("Bíceps", "Rosca Alternada Cross-Over", "https://youtu.be/S1HAcTVQVYE"),
("Bíceps", "Rosca Simultânea Halteres", "https://youtu.be/S1HAcTVQVYE"),
("Bíceps", "Rosca Scott Halteres", "https://youtu.be/zpTK6eihdSA"),
("Bíceps", "Rosca Scott Barra ou Barra W", "https://youtu.be/zpTK6eihdSA"),
("Bíceps", "Rosca Scott Máquina", "https://youtu.be/zpTK6eihdSA"),
("Bíceps", "Rosca Concentrada", "https://youtu.be/EEpvOQAAtRo"),
("Bíceps", "Rosca Concentrada Bilateral", "https://youtu.be/EEpvOQAAtRo"),
("Bíceps", "Rosca Concentrada Martelo", "https://youtu.be/EEpvOQAAtRo");
INSERT INTO Exercise (muscle, name, video) VALUES
("Coxas", "Agachamento Livre", "https://youtu.be/zgk71dUUt0Y"),
("Coxas", "Agachamento Smith", "https://youtu.be/zgk71dUUt0Y"),
("Coxas", "Agachamento Hack", "https://youtu.be/zgk71dUUt0Y"),
("Coxas", "Agachamento Halteres", "https://youtu.be/zgk71dUUt0Y"),
("Coxas", "Agachamento Livre Frontal", "https://youtu.be/syfDrU220FU"),
("Coxas", "Agachamento Smith Frontal", "https://youtu.be/syfDrU220FU"),
("Coxas", "Agachamento Sumo Livre", "https://youtu.be/O6Cmxez6D0k"),
("Coxas", "Agachamento Sumo Smith", "https://youtu.be/O6Cmxez6D0k"),
("Coxas", "Agachamento Sumo Hack", "https://youtu.be/O6Cmxez6D0k"),
("Coxas", "Agachamento Búlgaro Halteres", "https://youtu.be/IGf9fR4Y7Iw"),
("Coxas", "Agachamento Búlgaro Barra", "https://youtu.be/IGf9fR4Y7Iw"),
("Coxas", "Agachamento Búlgaro Smith", "https://youtu.be/IGf9fR4Y7Iw"),
("Coxas", "Passada Barra", "https://youtu.be/sQ5RjbpPirY"),
("Coxas", "Passada Halteres", "https://youtu.be/sQ5RjbpPirY"),
("Coxas", "Afundos Barra", "https://youtu.be/Umzor-_g-tQ"),
("Coxas", "Afundos Halteres", "https://youtu.be/Umzor-_g-tQ"),
("Coxas", "Afundos Smith", "https://youtu.be/Umzor-_g-tQ"),
("Coxas", "Avanço Barra", "https://youtu.be/XBJtM2phDDM"),
("Coxas", "Avanço Halteres", "https://youtu.be/XBJtM2phDDM"),
("Coxas", "Avanço Smith", "https://youtu.be/XBJtM2phDDM"),
("Coxas", "Leg Press", "https://youtu.be/nY8UsiAqwds"),
("Coxas", "Leg Press Adutores", "https://youtu.be/nY8UsiAqwds"),
("Coxas", "Stiff Barra", "https://youtu.be/u1E3_u2gJYE"),
("Coxas", "Stiff Halteres", "https://youtu.be/u1E3_u2gJYE"),
("Coxas", "Stiff Smith", "https://youtu.be/u1E3_u2gJYE"),
("Coxas", "Cadeira Extensora", "https://youtu.be/el3oHblB5DM"),
("Coxas", "Mesa Flexora", "https://youtu.be/2-ULaRrQa7c"),
("Coxas", "Cadeira Flexora", "https://youtu.be/Zss6E3VU6X0"),
("Coxas", "Flexor Vertical", "https://youtu.be/KomsEmm5oxA"),
("Coxas", "Cadeira Adutora", "https://youtu.be/Wf602gn_9zU");
INSERT INTO Exercise (muscle, name, video) VALUES
("Deltóides", "Elevação Lateral Halteres", "https://youtu.be/IwWvZ0rlNXs"),
("Deltóides", "Elevação Lateral Sentado Halteres", "https://youtu.be/IwWvZ0rlNXs"),
("Deltóides", "Elevação Lateral Unilateral Banco Inclinado", "https://youtu.be/IwWvZ0rlNXs"),
("Deltóides", "Elevação Lateral Cross Anterior", "https://youtu.be/sKPJdvVvHuI"),
("Deltóides", "Elevação Lateral Cross Posterior", "https://youtu.be/sKPJdvVvHuI"),
("Deltóides", "Elevação Frontal Barra Peg Pronada", "https://youtu.be/_ZQhDiONpZA"),
("Deltóides", "Elevação Frontal Barra Peg Supinada", "https://youtu.be/_ZQhDiONpZA"),
("Deltóides", "Elevação Frontal Anilha", "https://youtu.be/_ZQhDiONpZA"),
("Deltóides", "Elevação Frontal Halteres Peg Pronada", "https://youtu.be/NxSuojHZa8k"),
("Deltóides", "Elevação Frontal Halteres Peg Supinada", "https://youtu.be/NxSuojHZa8k"),
("Deltóides", "Elevação Frontal Halteres Peg Neutra", "https://youtu.be/NxSuojHZa8k"),
("Deltóides", "Elevação Frontal Cruzada", "https://youtu.be/NxSuojHZa8k"),
("Deltóides", "Elevação Frontal Cross Peg Pronada", "https://youtu.be/S7B5LwWrLA0"),
("Deltóides", "Elevação Frontal Cross Peg Supinada", "https://youtu.be/S7B5LwWrLA0"),
("Deltóides", "Elevação Frontal Cross Corda", "https://youtu.be/S7B5LwWrLA0"),
("Deltóides", "Crucifixo Inverso Halteres", "https://youtu.be/5HDkxzxe400"),
("Deltóides", "Crucifixo Inverso Cross", "https://youtu.be/5HDkxzxe400"),
("Deltóides", "Desenvolvimento Anterior", "https://youtu.be/EuQAfhXBEvs"),
("Deltóides", "Desenvolvimento Militar", "https://youtu.be/EuQAfhXBEvs"),
("Deltóides", "Desenvolvimento Smith", "https://youtu.be/EuQAfhXBEvs"),
("Deltóides", "Desenvolvimento Halteres", "https://youtu.be/EuQAfhXBEvs"),
("Deltóides", "Desenvolvimento Máquina", "https://youtu.be/EuQAfhXBEvs"),
("Deltóides", "Manguito Rotador Externo Barra", "https://youtu.be/AevNFIX7lV4"),
("Deltóides", "Manguito Rotador Externo Halteres", "https://youtu.be/AevNFIX7lV4"),
("Deltóides", "Manguito Rotador Externo Cross", "https://youtu.be/AevNFIX7lV4"),
("Deltóides", "Manguito Rotador Interno Barra", "https://youtu.be/vN9_Bw_yZGA"),
("Deltóides", "Manguito Rotador Interno Halteres", "https://youtu.be/vN9_Bw_yZGA"),
("Deltóides", "Manguito Rotador Interno Cross", "https://youtu.be/vN9_Bw_yZGA");
INSERT INTO Exercise (muscle, name, video) VALUES

("Dorsais", "Barra fixa pegada pronada", "https://youtu.be/thg6cGXSlvY"),
("Dorsais", "Barra fixa pegada supinada", "https://youtu.be/thg6cGXSlvY"),
("Dorsais", "Barra fixa com triângulo", "https://youtu.be/thg6cGXSlvY"),
("Dorsais", "Levantamento terra", "https://youtu.be/50AkPBZwACQ"),
("Dorsais", "Puxada vertical peg pronada", "https://youtu.be/pJM_rHhluK8?t=42"),
("Dorsais", "Puxada vertical peg supinada", "https://youtu.be/pJM_rHhluK8?t=61"),
("Dorsais", "Puxada vertical com triângulo", "https://youtu.be/pJM_rHhluK8?t=96"),
("Dorsais", "Remada curvada barra pegada pronada", "https://www.youtube.com/watch?v=TfxJMertfsw"),
("Dorsais", "Remada curvada barra pegada supinada", "https://youtu.be/TfxJMertfsw?t=72"),
("Dorsais", "Remada curvada cavalinho", "https://youtu.be/TfxJMertfsw?t=87"),
("Dorsais", "Remada curvada halteres pegada pronada", "https://www.youtube.com/watch?v=Vk6c7CjtM14"),
("Dorsais", "Remada curvada halteres pegada neutra", "https://youtu.be/Vk6c7CjtM14?t=53"),
("Dorsais", "Remada curvada halteres pegada supinada", "https://youtu.be/Vk6c7CjtM14?t=75"),
("Dorsais", "Remada máquina pegada pronada", "https://www.youtube.com/watch?v=QyvIEdEHzHc"),
("Dorsais", "Remada máquina pegada supinada", "https://youtu.be/QyvIEdEHzHc?t=47"),
("Dorsais", "Remada máquina pegada neutra", "https://youtu.be/QyvIEdEHzHc?t=68"),
("Dorsais", "Remada cross pegada pronada", "https://www.youtube.com/watch?v=HpWWreyaBN0"),
("Dorsais", "Remada cross pegada supinada", "https://youtu.be/HpWWreyaBN0?t=41"),
("Dorsais", "Remada cross pegada neutra", "https://youtu.be/HpWWreyaBN0?t=57"),
("Dorsais", "Remada cross unilateral pegada pronada", "https://youtu.be/HpWWreyaBN0?t=88"),
("Dorsais", "Remada cross unilateral pegada supinada", "https://youtu.be/HpWWreyaBN0?t=88"),
("Dorsais", "Remada cross unilateral pegada neutra", "https://youtu.be/HpWWreyaBN0?t=88"),
("Dorsais", "Remada halter unilateral pegada neutra", "https://www.youtube.com/watch?v=m4h4jT9patY"),
("Dorsais", "Remada halter unilateral pegada pronada", "https://youtu.be/m4h4jT9patY?t=79"),
("Dorsais", "Remada halter unilateral pegada supinada", "https://youtu.be/m4h4jT9patY?t=105"),
("Dorsais", "Pull-down barra", "https://www.youtube.com/watch?v=v6-QIOY0nW0&feature=youtu.be"),
("Dorsais", "Pull-down cross pegada pronada", "https://youtu.be/v6-QIOY0nW0?t=51"),
("Dorsais", "Pull-down cross pegada supinada", "https://youtu.be/v6-QIOY0nW0?t=95"),
("Dorsais", "Pull-down cross corda", "https://youtu.be/v6-QIOY0nW0?t=109");
INSERT INTO Exercise (muscle, name, video) VALUES
("Glúteos", "4 Apoios Joelho Estendido", "https://youtu.be/e4RuZ1NVYqA"),
("Glúteos", "4 Apoios Joelho Flexionado", "https://youtu.be/e4RuZ1NVYqA"),
("Glúteos", "4 Apoios Smith", "https://youtu.be/e4RuZ1NVYqA"),
("Glúteos", "Glúteos Máquina", "https://youtu.be/JhodVO0l1vw"),
("Glúteos", "Glúteos Cross Joelho Estendido", "https://youtu.be/JdHbXlggr6Q"),
("Glúteos", "Glúteos Cross Joelho Flexionado", "https://youtu.be/JdHbXlggr6Q"),
("Glúteos", "Elevação Pélvica Barra", "https://youtu.be/ptK0azwOXwM"),
("Glúteos", "Elevação Pélvica Halter", "https://youtu.be/ptK0azwOXwM"),
("Glúteos", "Elevação Pélvica Anilha", "https://youtu.be/ptK0azwOXwM"),
("Glúteos", "Elevação Pélvica Máquina", "https://youtu.be/ptK0azwOXwM"),
("Glúteos", "Cadeira Abdutora", "https://youtu.be/e2gmqTG1OgQ");
INSERT INTO Exercise (muscle, name, video) VALUES
("Panturrilhas", "Gêmeos Em Pé Máquina", "https://youtu.be/824pMjvGXgc"),
("Panturrilhas", "Gêmeos Em Pé Hack", "https://youtu.be/824pMjvGXgc"),
("Panturrilhas", "Gêmeos Em Pé Smith", "https://youtu.be/824pMjvGXgc"),
("Panturrilhas", "Gêmeos Em Pé Livre", "https://youtu.be/824pMjvGXgc"),
("Panturrilhas", "Gêmeos Sentado Máquina", "https://youtu.be/jMWs_p-W9gY"),
("Panturrilhas", "Gêmeos Sentado Smith", "https://youtu.be/jMWs_p-W9gY"),
("Panturrilhas", "Gêmeos Sentado Livre", "https://youtu.be/jMWs_p-W9gY"),
("Panturrilhas", "Gêmeos Leg Press", "https://youtu.be/wCXvfH_-BLg");
INSERT INTO Exercise (muscle, name, video) VALUES

("Peitoral", "Supino reto barra", "https://www.youtube.com/watch?v=EZMYCLKuGow"),
("Peitoral", "Supino reto halteres", "https://youtu.be/EZMYCLKuGow?t=28"),
("Peitoral", "Supino reto smith", "https://youtu.be/EZMYCLKuGow?t=40"),
("Peitoral", "Supino reto máquina", "https://youtu.be/EZMYCLKuGow?t=85"),
("Peitoral", "Supino inclinado barra", "https://www.youtube.com/watch?v=WP1VLAt8hbM"),
("Peitoral", "Supino inclinado halteres", "https://youtu.be/WP1VLAt8hbM?t=26"),
("Peitoral", "Supino inclinado máquina", "https://youtu.be/WP1VLAt8hbM?t=57"),
("Peitoral", "Supino inclinado smith", "https://youtu.be/WP1VLAt8hbM?t=76"),
("Peitoral", "Supino declinado barra", "https://www.youtube.com/watch?v=J2g6qPBJfqo"),
("Peitoral", "Supino declinado halteres", "https://youtu.be/J2g6qPBJfqo?t=8"),
("Peitoral", "Crucifixo reto halteres", "https://www.youtube.com/watch?v=uDMmccuPVPQ"),
("Peitoral", "Crucifixo reto cross", "https://www.youtube.com/watch?v=uDMmccuPVPQ"),
("Peitoral", "Crucifixo inclinado halteres", "https://www.youtube.com/watch?v=uy9Xk3SVrms"),
("Peitoral", "Crucifixo inclinado cross", "https://www.youtube.com/watch?v=uy9Xk3SVrms"),
("Peitoral", "Crucifixo declinado halteres", "https://www.youtube.com/watch?v=zdkX5_Gcdq8"),
("Peitoral", "Crucifixo declinado cross", "https://www.youtube.com/watch?v=zdkX5_Gcdq8"),
("Peitoral", "Cross over polia alta", "https://www.youtube.com/watch?v=jqTlJt3JXzQ"),
("Peitoral", "Cross over polia média", "https://youtu.be/jqTlJt3JXzQ?t=47"),
("Peitoral", "Cross over polia baixa", "https://youtu.be/jqTlJt3JXzQ?t=55"),
("Peitoral", "Flexão de braço", "https://youtu.be/dHgoYiCraCw"),
("Peitoral", "Peck deck / Crucifixo máquina", "https://youtu.be/FzCnfD0gOXo"),
("Peitoral", "Pull over", "https://youtu.be/-KaMXMMIVrU");
INSERT INTO Exercise (muscle, name, video) VALUES
("Trapézio", "Encolhimento Barra Anterior", "https://youtu.be/RhGjwIUe16E"),
("Trapézio", "Encolhimento Barra Posterior", "https://youtu.be/RhGjwIUe16E"),
("Trapézio", "Encolhimento Halteres", "https://youtu.be/RhGjwIUe16E"),
("Trapézio", "Encolhimento Smith Anterior", "https://youtu.be/RhGjwIUe16E"),
("Trapézio", "Encolhimento Smith Posterior", "https://youtu.be/RhGjwIUe16E"),
("Trapézio", "Remada Alta Barra", "https://youtu.be/tm0IywBhIYM"),
("Trapézio", "Remada Alta Halteres", "https://youtu.be/tm0IywBhIYM"),
("Trapézio", "Remada Alta Cross", "https://youtu.be/tm0IywBhIYM"),
("Trapézio", "Remada Alta Smith", "https://youtu.be/tm0IywBhIYM");
INSERT INTO Exercise (muscle, name, video) VALUES
("Tríceps", "Paralelas", "https://youtu.be/LJz40nTE_sI"),
("Tríceps", "Mergulho", "https://youtu.be/TCVj8cliLNo"),
("Tríceps", "Supino Fechado Barra", "https://youtu.be/ZiemT4r4DcU"),
("Tríceps", "Supino Fechado Smith", "https://youtu.be/ZiemT4r4DcU"),
("Tríceps", "Rosca Testa Barra Peg Pronada", "https://youtu.be/zznCYBVZOVA"),
("Tríceps", "Rosca Testa Barra Peg Supinada", "https://youtu.be/zznCYBVZOVA"),
("Tríceps", "Rosca Testa Anilha", "https://youtu.be/zznCYBVZOVA"),
("Tríceps", "Rosca Testa Halteres Peg Pronada", "https://youtu.be/SbAykzCE-xk"),
("Tríceps", "Rosca Testa Halteres Peg Supinada", "https://youtu.be/SbAykzCE-xk"),
("Tríceps", "Rosca Testa Halteres Peg Neutra", "https://youtu.be/SbAykzCE-xk"),
("Tríceps", "Tríceps Pulley Peg Pronada", "https://youtu.be/dTqDKC0D6P4"),
("Tríceps", "Tríceps Pulley Peg Supinada", "https://youtu.be/dTqDKC0D6P4"),
("Tríceps", "Tríceps Pulley Corda", "https://youtu.be/dTqDKC0D6P4"),
("Tríceps", "Tríceps Pulley Unilateral Peg Pronada", "https://youtu.be/nTTTjbA0TSU"),
("Tríceps", "Tríceps Pulley Unilateral Peg Supinada", "https://youtu.be/nTTTjbA0TSU"),
("Tríceps", "Rosca Francesa Anilha", "https://youtu.be/YJ4kGE3eemY"),
("Tríceps", "Rosca Francesa Barra Peg Supinada", "https://youtu.be/YJ4kGE3eemY"),
("Tríceps", "Rosca Francesa Halteres Peg Neutra", "https://youtu.be/YJ4kGE3eemY"),
("Tríceps", "Rosca Francesa Halteres Peg Supinada", "https://youtu.be/YJ4kGE3eemY"),
("Tríceps", "Rosca Francesa Cross Corda", "https://youtu.be/YJ4kGE3eemY"),
("Tríceps", "Tríceps Coice Bilateral Halteres", "https://youtu.be/PyKv23F-fVM"),
("Tríceps", "Tríceps Coice Unilateral Halteres", "https://youtu.be/PyKv23F-fVM"),
("Tríceps", "Tríceps Coice Unilateral Cross", "https://youtu.be/PyKv23F-fVM"),
("Tríceps", "Flexão De Braço Fechada", "https://youtu.be/HM9DUyI4d-g");
insert into AdvancedTechniques(name, video) VALUES 
("Bi-set, Tri-set, Giant-set, Circuito, Superset, Agonista x Antagonista", "https://youtu.be/NFn2obMxHUA"),
("Repetições parciais, Repetições roubadas", "https://youtu.be/__pPJQnXlsQ"),
("Repetições forçadas, Repetições negativas", "https://youtu.be/S4gqk1uLmqs"),
("SST", "https://youtu.be/PvFcALfJ34M"),
("Super-slow", "https://youtu.be/h7f7Wg-Vb34"),
("Pirâmide", "https://youtu.be/Yf2BcTWWDvc"),
("Drop-set \ Strip-set", "https://youtu.be/rxrBvPiuqhQ"),
("Rest ‘n’ Pause", "https://youtu.be/tf8aOFnd73k"),
("Pré-Exaustão, Pós-Exaustão", "https://youtu.be/hrSNrH5fhrs"),
("German Volume Training (GVT)", "https://youtu.be/JDkBmBkZvek"),
("Gironda 8x8", "https://youtu.be/ISC8O-_4Sk4"),
("FST-7", "https://youtu.be/fpooAdPRYNQ"),
("Treino de Pegada", "https://youtu.be/P4swC2ezxEw");
